County,Date Range,up_county,age_0_1,age_0_1-1,age_0_1-2,age_0_17,age_0_17-1,age_0_17-2,age_10_14,age_10_14-1,age_10_14-2,age_15_17,age_15_17-1,age_15_17-2,age_18_24,age_18_24-1,age_18_24-2,age_25_49,age_25_49-1,age_25_49-2,age_2_4,age_2_4-1,age_2_4-2,age_50_64,age_50_64-1,age_50_64-2,age_5_9,age_5_9-1,age_5_9-2,age_65_74,age_65_74-1,age_65_74-2,age_75_up,age_75_up-1,age_75_up-2,ai_an_pop,ai_an_pop-1,ai_an_pop-2,asian_pi_pop,asian_pi_pop-1,asian_pi_pop-2,black_pop,black_pop-1,black_pop-2,female_pop,female_pop-1,female_pop-2,hispanic_pop,hispanic_pop-1,hispanic_pop-2,Last 14 Days Cases,"Last 14 Days Cases Per 10,000 Residents","Last 14 Days Cases Per 100,000 Residents",Last 7 Day Cases,"Last 7 Days Cases Per 10,000 Residents","Last 7 Days Cases Per 100,000 Residents",male_pop,male_pop-1,male_pop-2,nonhisp_pop,nonhisp_pop-1,nonhisp_pop-2,Prior Day Cases,"Prior Day Cases Per 10,000 Residents","Prior Day Cases Per 100,000 Residents",white_pop,white_pop-1,white_pop-2
New Hanover,Today,NEW HANOVER COUNTY,4386,4386,4386,42661,42661,42661,12399,12399,12399,7412,7412,7412,29390,29390,29390,74725,74725,74725,6724,6724,6724,44550,44550,44550,11740,11740,11740,26066,26066,26066,17081,17081,17081,1471,1471,1471,4460,4460,4460,33034,33034,33034,122910,122910,122910,13610,13610,13610,41,2,17,14,1,6,111563,111563,111563,220863,220863,220863,4,0,2,195508,195508,195508
Surry,Today,SURRY COUNTY,1482,1482,1482,14972,14972,14972,4478,4478,4478,2747,2747,2747,5614,5614,5614,20806,20806,20806,2322,2322,2322,15427,15427,15427,3943,3943,3943,8532,8532,8532,6432,6432,6432,495,495,495,681,681,681,3330,3330,3330,36828,36828,36828,7963,7963,7963,16,2,22,6,1,8,34955,34955,34955,63820,63820,63820,2,0,3,67277,67277,67277
Robeson,Today,ROBESON COUNTY,3318,3318,3318,32200,32200,32200,9360,9360,9360,5218,5218,5218,13200,13200,13200,40072,40072,40072,5259,5259,5259,24588,24588,24588,9045,9045,9045,12776,12776,12776,7789,7789,7789,56681,56681,56681,1172,1172,1172,31768,31768,31768,67702,67702,67702,12048,12048,12048,108,8,83,48,4,37,62923,62923,62923,118577,118577,118577,11,1,8,41004,41004,41004
Person,Today,PERSON COUNTY,841,841,841,8129,8129,8129,2337,2337,2337,1497,1497,1497,2913,2913,2913,11585,11585,11585,1244,1244,1244,8925,8925,8925,2210,2210,2210,4743,4743,4743,3195,3195,3195,360,360,360,211,211,211,10974,10974,10974,20397,20397,20397,1785,1785,1785,34,9,86,20,5,51,19093,19093,19093,37705,37705,37705,7,2,18,27945,27945,27945
Alamance,Today,ALAMANCE COUNTY,4006,4006,4006,37364,37364,37364,10702,10702,10702,6471,6471,6471,17888,17888,17888,51738,51738,51738,5943,5943,5943,33484,33484,33484,10242,10242,10242,16352,16352,16352,12683,12683,12683,2582,2582,2582,3416,3416,3416,36814,36814,36814,88976,88976,88976,22130,22130,22130,99,6,58,44,3,26,80533,80533,80533,147379,147379,147379,5,0,3,126697,126697,126697
Wilson,Today,WILSON COUNTY,1924,1924,1924,18577,18577,18577,5481,5481,5481,3262,3262,3262,7081,7081,7081,24315,24315,24315,2905,2905,2905,16491,16491,16491,5005,5005,5005,9062,9062,9062,6275,6275,6275,589,589,589,1221,1221,1221,33787,33787,33787,43018,43018,43018,8819,8819,8819,59,7,72,35,4,43,38783,38783,38783,72982,72982,72982,10,1,12,46204,46204,46204
Union,Today,UNION COUNTY,4957,4957,4957,63243,63243,63243,20221,20221,20221,12928,12928,12928,22138,22138,22138,75448,75448,75448,8394,8394,8394,47796,47796,47796,16743,16743,16743,19160,19160,19160,12074,12074,12074,1697,1697,1697,9443,9443,9443,31275,31275,31275,121704,121704,121704,27515,27515,27515,89,4,37,42,2,18,118155,118155,118155,212344,212344,212344,7,0,3,197444,197444,197444
Lincoln,Today,LINCOLN COUNTY,1711,1711,1711,18130,18130,18130,5371,5371,5371,3376,3376,3376,6250,6250,6250,26543,26543,26543,2737,2737,2737,19732,19732,19732,4935,4935,4935,9543,9543,9543,5913,5913,5913,440,440,440,865,865,865,5290,5290,5290,43360,43360,43360,6480,6480,6480,14,2,16,10,1,12,42751,42751,42751,79631,79631,79631,4,0,5,79516,79516,79516
Lenoir,Today,LENOIR COUNTY,1246,1246,1246,12526,12526,12526,3772,3772,3772,2183,2183,2183,4445,4445,4445,15782,15782,15782,1902,1902,1902,11893,11893,11893,3423,3423,3423,6541,6541,6541,4762,4762,4762,398,398,398,577,577,577,23620,23620,23620,29212,29212,29212,4422,4422,4422,39,7,70,9,2,16,26737,26737,26737,51527,51527,51527,2,0,4,31354,31354,31354
Clay,Today,CLAY COUNTY,184,184,184,1879,1879,1879,555,555,555,358,358,358,657,657,657,2578,2578,2578,307,307,307,2536,2536,2536,475,475,475,2143,2143,2143,1438,1438,1438,79,79,79,62,62,62,198,198,198,5772,5772,5772,434,434,434,80,71,712,54,48,481,5459,5459,5459,10797,10797,10797,0,0,0,10892,10892,10892
McDowell,Today,MCDOWELL COUNTY,881,881,881,9139,9139,9139,2786,2786,2786,1619,1619,1619,3381,3381,3381,13806,13806,13806,1401,1401,1401,9913,9913,9913,2452,2452,2452,5591,5591,5591,3926,3926,3926,395,395,395,528,528,528,2142,2142,2142,22958,22958,22958,2920,2920,2920,1,0,2,7,2,15,22798,22798,22798,42836,42836,42836,3,1,7,42691,42691,42691
Davidson,Today,DAVIDSON COUNTY,3506,3506,3506,36324,36324,36324,10836,10836,10836,6596,6596,6596,12768,12768,12768,50744,50744,50744,5694,5694,5694,36684,36684,36684,9692,9692,9692,18239,18239,18239,12850,12850,12850,1439,1439,1439,3065,3065,3065,17715,17715,17715,85618,85618,85618,12450,12450,12450,63,4,38,22,1,13,81991,81991,81991,155159,155159,155159,0,0,0,145390,145390,145390
Stanly,Today,STANLY COUNTY,1404,1404,1404,13524,13524,13524,3914,3914,3914,2342,2342,2342,5084,5084,5084,19067,19067,19067,2224,2224,2224,13008,13008,13008,3640,3640,3640,7022,7022,7022,5101,5101,5101,301,301,301,1470,1470,1470,7516,7516,7516,31451,31451,31451,2786,2786,2786,9,1,14,5,1,8,31355,31355,31355,60020,60020,60020,1,0,2,53519,53519,53519
Lee,Today,LEE COUNTY,1559,1559,1559,14643,14643,14643,4252,4252,4252,2437,2437,2437,5032,5032,5032,19335,19335,19335,2327,2327,2327,12365,12365,12365,4068,4068,4068,6091,6091,6091,4313,4313,4313,896,896,896,1052,1052,1052,12917,12917,12917,31638,31638,31638,12105,12105,12105,18,3,29,13,2,21,30141,30141,30141,49674,49674,49674,1,0,2,46914,46914,46914
Chatham,Today,CHATHAM COUNTY,1375,1375,1375,14809,14809,14809,4557,4557,4557,2731,2731,2731,4656,4656,4656,20165,20165,20165,2198,2198,2198,16206,16206,16206,3948,3948,3948,10562,10562,10562,8072,8072,8072,901,901,901,1886,1886,1886,9711,9711,9711,38853,38853,38853,9026,9026,9026,2,0,3,0,0,0,35617,35617,35617,65444,65444,65444,0,0,0,61972,61972,61972
Martin,Today,MARTIN COUNTY,496,496,496,4523,4523,4523,1314,1314,1314,763,763,763,1572,1572,1572,5937,5937,5937,733,733,733,5036,5036,5036,1217,1217,1217,3173,3173,3173,2199,2199,2199,130,130,130,169,169,169,9631,9631,9631,11896,11896,11896,916,916,916,26,12,116,10,4,45,10544,10544,10544,21524,21524,21524,2,1,9,12510,12510,12510
Tyrrell,Today,TYRRELL COUNTY,76,76,76,728,728,728,226,226,226,111,111,111,298,298,298,1365,1365,1365,113,113,113,815,815,815,202,202,202,432,432,432,378,378,378,38,38,38,82,82,82,1583,1583,1583,1749,1749,1749,376,376,376,1,2,25,0,0,0,2267,2267,2267,3640,3640,3640,0,0,0,2313,2313,2313
Greene,Today,GREENE COUNTY,440,440,440,4185,4185,4185,1291,1291,1291,707,707,707,1782,1782,1782,7248,7248,7248,607,607,607,4262,4262,4262,1140,1140,1140,2219,2219,2219,1373,1373,1373,483,483,483,184,184,184,7891,7891,7891,9529,9529,9529,3308,3308,3308,8,4,38,1,0,5,11540,11540,11540,17761,17761,17761,0,0,0,12511,12511,12511
Cumberland,Today,CUMBERLAND COUNTY,10538,10538,10538,82854,82854,82854,21712,21712,21712,12391,12391,12391,44179,44179,44179,114650,114650,114650,14719,14719,14719,52889,52889,52889,23494,23494,23494,24275,24275,24275,16662,16662,16662,7126,7126,7126,12184,12184,12184,139075,139075,139075,169070,169070,169070,40572,40572,40572,245,7,73,107,3,32,166439,166439,166439,294937,294937,294937,13,0,4,177124,177124,177124
Washington,Today,WASHINGTON COUNTY,243,243,243,2306,2306,2306,675,675,675,400,400,400,852,852,852,2875,2875,2875,352,352,352,2615,2615,2615,636,636,636,1698,1698,1698,1234,1234,1234,114,114,114,52,52,52,5816,5816,5816,6112,6112,6112,653,653,653,11,9,95,3,3,26,5468,5468,5468,10927,10927,10927,2,2,17,5598,5598,5598
Camden,Today,CAMDEN COUNTY,208,208,208,2460,2460,2460,781,781,781,452,452,452,725,725,725,3468,3468,3468,332,332,332,2381,2381,2381,687,687,687,1055,1055,1055,778,778,778,65,65,65,256,256,256,1385,1385,1385,5441,5441,5441,327,327,327,9,8,83,6,6,55,5426,5426,5426,10540,10540,10540,1,1,9,9161,9161,9161
Mitchell,Today,MITCHELL COUNTY,283,283,283,2735,2735,2735,800,800,800,493,493,493,944,944,944,4164,4164,4164,439,439,439,3311,3311,3311,720,720,720,2145,2145,2145,1665,1665,1665,145,145,145,134,134,134,181,181,181,7572,7572,7572,923,923,923,5,3,33,1,1,7,7392,7392,7392,14041,14041,14041,0,0,0,14504,14504,14504
Wake,Today,WAKE COUNTY,25883,25883,25883,262706,262706,262706,77083,77083,77083,46082,46082,46082,100823,100823,100823,411746,411746,411746,41353,41353,41353,202622,202622,202622,72305,72305,72305,83002,83002,83002,50862,50862,50862,9536,9536,9536,89941,89941,89941,243367,243367,243367,570996,570996,570996,115531,115531,115531,287,3,26,149,1,13,540765,540765,540765,996230,996230,996230,28,0,3,768917,768917,768917
Sampson,Today,SAMPSON COUNTY,1652,1652,1652,15450,15450,15450,4385,4385,4385,2730,2730,2730,5262,5262,5262,18665,18665,18665,2490,2490,2490,12517,12517,12517,4193,4193,4193,6729,6729,6729,4908,4908,4908,2540,2540,2540,639,639,639,17429,17429,17429,32286,32286,32286,13057,13057,13057,73,11,115,28,4,44,31245,31245,31245,50474,50474,50474,6,1,9,42923,42923,42923
Chowan,Today,CHOWAN COUNTY,280,280,280,2779,2779,2779,832,832,832,504,504,504,960,960,960,3642,3642,3642,420,420,420,3041,3041,3041,743,743,743,2019,2019,2019,1502,1502,1502,66,66,66,155,155,155,4904,4904,4904,7311,7311,7311,522,522,522,0,0,0,0,0,0,6632,6632,6632,13421,13421,13421,0,0,0,8818,8818,8818
Cleveland,Today,CLEVELAND COUNTY,2234,2234,2234,21443,21443,21443,6343,6343,6343,3728,3728,3728,8645,8645,8645,28635,28635,28635,3348,3348,3348,20649,20649,20649,5790,5790,5790,11078,11078,11078,7497,7497,7497,400,400,400,1155,1155,1155,21187,21187,21187,50854,50854,50854,3690,3690,3690,61,6,62,13,1,13,47093,47093,47093,94257,94257,94257,0,0,0,75205,75205,75205
Beaufort,Today,BEAUFORT COUNTY,904,904,904,9325,9325,9325,2749,2749,2749,1766,1766,1766,3257,3257,3257,12689,12689,12689,1355,1355,1355,10185,10185,10185,2551,2551,2551,6902,6902,6902,4636,4636,4636,497,497,497,318,318,318,11994,11994,11994,24672,24672,24672,3769,3769,3769,40,9,85,15,3,32,22322,22322,22322,43225,43225,43225,2,0,4,34185,34185,34185
Vance,Today,VANCE COUNTY,1125,1125,1125,10443,10443,10443,3006,3006,3006,1775,1775,1775,3771,3771,3771,12839,12839,12839,1630,1630,1630,8995,8995,8995,2907,2907,2907,4992,4992,4992,3495,3495,3495,476,476,476,394,394,394,23356,23356,23356,23755,23755,23755,3675,3675,3675,3,1,7,0,0,0,20780,20780,20780,40860,40860,40860,0,0,0,20309,20309,20309
Davie,Today,DAVIE COUNTY,784,784,784,8945,8945,8945,2694,2694,2694,1717,1717,1717,3136,3136,3136,11973,11973,11973,1302,1302,1302,9513,9513,9513,2448,2448,2448,5229,5229,5229,4050,4050,4050,304,304,304,421,421,421,3047,3047,3047,21924,21924,21924,3107,3107,3107,12,3,28,6,1,14,20922,20922,20922,39739,39739,39739,0,0,0,39074,39074,39074
Pender,Today,PENDER COUNTY,1342,1342,1342,14002,14002,14002,4104,4104,4104,2446,2446,2446,4295,4295,4295,19378,19378,19378,2236,2236,2236,13669,13669,13669,3874,3874,3874,7251,7251,7251,4465,4465,4465,649,649,649,561,561,561,9744,9744,9744,31660,31660,31660,4742,4742,4742,12,2,19,4,1,6,31400,31400,31400,58318,58318,58318,0,0,0,52106,52106,52106
Watauga,Today,WATAUGA COUNTY,777,777,777,7155,7155,7155,2157,2157,2157,1210,1210,1210,15618,15618,15618,14517,14517,14517,1092,1092,1092,9658,9658,9658,1919,1919,1919,5645,5645,5645,3584,3584,3584,258,258,258,736,736,736,1259,1259,1259,28185,28185,28185,2261,2261,2261,81,14,144,61,11,109,27992,27992,27992,53916,53916,53916,11,2,20,53924,53924,53924
Graham,Today,GRAHAM COUNTY,155,155,155,1674,1674,1674,510,510,510,322,322,322,600,600,600,2307,2307,2307,246,246,246,1793,1793,1793,441,441,441,1100,1100,1100,967,967,967,712,712,712,61,61,61,91,91,91,4221,4221,4221,316,316,316,16,19,190,8,9,95,4220,4220,4220,8125,8125,8125,0,0,0,7577,7577,7577
Montgomery,Today,MONTGOMERY COUNTY,537,537,537,5907,5907,5907,1756,1756,1756,1157,1157,1157,2247,2247,2247,7555,7555,7555,879,879,879,5721,5721,5721,1578,1578,1578,3439,3439,3439,2304,2304,2304,324,324,324,480,480,480,5372,5372,5372,13876,13876,13876,4231,4231,4231,13,5,48,5,2,18,13297,13297,13297,22942,22942,22942,1,0,4,20997,20997,20997
Caldwell,Today,CALDWELL COUNTY,1589,1589,1589,16336,16336,16336,4841,4841,4841,2998,2998,2998,6212,6212,6212,24489,24489,24489,2574,2574,2574,18372,18372,18372,4334,4334,4334,9939,9939,9939,6830,6830,6830,540,540,540,780,780,780,4703,4703,4703,41534,41534,41534,4854,4854,4854,40,5,49,24,3,29,40644,40644,40644,77324,77324,77324,0,0,0,76155,76155,76155
Brunswick,Today,BRUNSWICK COUNTY,2024,2024,2024,21025,21025,21025,6271,6271,6271,3567,3567,3567,7531,7531,7531,33466,33466,33466,3318,3318,3318,34193,34193,34193,5845,5845,5845,31305,31305,31305,15300,15300,15300,1315,1315,1315,1400,1400,1400,15081,15081,15081,74655,74655,74655,7042,7042,7042,31,2,22,15,1,11,68165,68165,68165,135778,135778,135778,3,0,2,125024,125024,125024
Duplin,Today,DUPLIN COUNTY,1381,1381,1381,13981,13981,13981,4117,4117,4117,2382,2382,2382,4746,4746,4746,17043,17043,17043,2234,2234,2234,11566,11566,11566,3867,3867,3867,6589,6589,6589,4816,4816,4816,854,854,854,716,716,716,15339,15339,15339,30050,30050,30050,13517,13517,13517,25,4,43,9,2,15,28691,28691,28691,45224,45224,45224,4,1,7,41832,41832,41832
Hyde,Today,HYDE COUNTY,66,66,66,839,839,839,263,263,263,147,147,147,329,329,329,1551,1551,1551,118,118,118,1104,1104,1104,245,245,245,671,671,671,443,443,443,41,41,41,34,34,34,1353,1353,1353,2299,2299,2299,485,485,485,0,0,0,1,2,20,2638,2638,2638,4452,4452,4452,0,0,0,3509,3509,3509
Pamlico,Today,PAMLICO COUNTY,166,166,166,1921,1921,1921,593,593,593,371,371,371,733,733,733,3183,3183,3183,299,299,299,3023,3023,3023,492,492,492,2266,2266,2266,1600,1600,1600,102,102,102,105,105,105,2520,2520,2520,6247,6247,6247,542,542,542,0,0,0,1,1,8,6479,6479,6479,12184,12184,12184,0,0,0,9999,9999,9999
Buncombe,Today,BUNCOMBE COUNTY,4909,4909,4909,47414,47414,47414,13446,13446,13446,8271,8271,8271,19924,19924,19924,88430,88430,88430,7732,7732,7732,51929,51929,51929,13056,13056,13056,31788,31788,31788,21706,21706,21706,1557,1557,1557,4567,4567,4567,17986,17986,17986,135971,135971,135971,17870,17870,17870,54,2,21,28,1,11,125220,125220,125220,243321,243321,243321,4,0,2,237081,237081,237081
Caswell,Today,CASWELL COUNTY,413,413,413,4221,4221,4221,1224,1224,1224,799,799,799,1564,1564,1564,6690,6690,6690,695,695,695,5124,5124,5124,1090,1090,1090,2967,2967,2967,2038,2038,2038,178,178,178,153,153,153,7507,7507,7507,11117,11117,11117,1035,1035,1035,6,3,27,2,1,9,11487,11487,11487,21569,21569,21569,0,0,0,14766,14766,14766
Ashe,Today,ASHE COUNTY,407,407,407,4724,4724,4724,1489,1489,1489,854,854,854,1718,1718,1718,7315,7315,7315,667,667,667,6197,6197,6197,1307,1307,1307,4248,4248,4248,3001,3001,3001,116,116,116,164,164,164,363,363,363,13872,13872,13872,1390,1390,1390,22,8,81,11,4,40,13331,13331,13331,25813,25813,25813,2,1,7,26560,26560,26560
Mecklenburg,Today,MECKLENBURG COUNTY,29481,29481,29481,258277,258277,258277,72493,72493,72493,42200,42200,42200,99851,99851,99851,430671,430671,430671,43826,43826,43826,193871,193871,193871,70277,70277,70277,78390,78390,78390,49296,49296,49296,10056,10056,10056,74255,74255,74255,376441,376441,376441,576686,576686,576686,152925,152925,152925,530,5,48,268,2,24,533670,533670,533670,957431,957431,957431,46,0,4,649604,649604,649604
Jones,Today,JONES COUNTY,182,182,182,1715,1715,1715,491,491,491,308,308,308,617,617,617,2581,2581,2581,281,281,281,2249,2249,2249,453,453,453,1348,1348,1348,909,909,909,104,104,104,57,57,57,2854,2854,2854,4845,4845,4845,484,484,484,4,4,42,4,4,42,4574,4574,4574,8935,8935,8935,0,0,0,6404,6404,6404
Northampton,Today,NORTHAMPTON COUNTY,356,356,356,3351,3351,3351,1024,1024,1024,581,581,581,1280,1280,1280,5056,5056,5056,557,557,557,4540,4540,4540,833,833,833,2970,2970,2970,2286,2286,2286,141,141,141,66,66,66,11314,11314,11314,9946,9946,9946,513,513,513,5,3,26,4,2,21,9537,9537,9537,18970,18970,18970,0,0,0,7962,7962,7962
Transylvania,Today,TRANSYLVANIA COUNTY,533,533,533,5286,5286,5286,1546,1546,1546,933,933,933,2557,2557,2557,8467,8467,8467,837,837,837,7266,7266,7266,1437,1437,1437,5808,5808,5808,5001,5001,5001,160,160,160,275,275,275,1431,1431,1431,17822,17822,17822,1168,1168,1168,7,2,20,0,0,0,16563,16563,16563,33217,33217,33217,1,0,3,32519,32519,32519
Polk,Today,POLK COUNTY,314,314,314,3246,3246,3246,990,990,990,662,662,662,1269,1269,1269,4737,4737,4737,470,470,470,4828,4828,4828,810,810,810,3492,3492,3492,3152,3152,3152,129,129,129,188,188,188,994,994,994,10801,10801,10801,1223,1223,1223,0,0,0,0,0,0,9923,9923,9923,19501,19501,19501,0,0,0,19413,19413,19413
Johnston,Today,JOHNSTON COUNTY,4927,4927,4927,52754,52754,52754,15870,15870,15870,9361,9361,9361,16384,16384,16384,70950,70950,70950,8129,8129,8129,40693,40693,40693,14467,14467,14467,18169,18169,18169,10389,10389,10389,2164,2164,2164,2527,2527,2527,37064,37064,37064,106762,106762,106762,29475,29475,29475,131,6,63,69,3,33,102577,102577,102577,179864,179864,179864,7,0,3,167584,167584,167584
Catawba,Today,CATAWBA COUNTY,3400,3400,3400,34920,34920,34920,10278,10278,10278,6277,6277,6277,13426,13426,13426,48523,48523,48523,5515,5515,5515,33526,33526,33526,9450,9450,9450,17303,17303,17303,11853,11853,11853,994,994,994,7592,7592,7592,15306,15306,15306,81563,81563,81563,16175,16175,16175,66,4,41,25,2,16,77988,77988,77988,143376,143376,143376,13,1,8,135659,135659,135659
Gates,Today,GATES COUNTY,209,209,209,2332,2332,2332,769,769,769,414,414,414,797,797,797,3151,3151,3151,326,326,326,2864,2864,2864,614,614,614,1390,1390,1390,1028,1028,1028,78,78,78,60,60,60,3758,3758,3758,5837,5837,5837,276,276,276,4,3,35,1,1,9,5725,5725,5725,11286,11286,11286,0,0,0,7666,7666,7666
Avery,Today,AVERY COUNTY,268,268,268,2588,2588,2588,741,741,741,514,514,514,1647,1647,1647,5620,5620,5620,384,384,384,3682,3682,3682,681,681,681,2360,2360,2360,1660,1660,1660,106,106,106,129,129,129,883,883,883,8044,8044,8044,887,887,887,6,3,34,0,0,0,9513,9513,9513,16670,16670,16670,0,0,0,16439,16439,16439
Anson,Today,ANSON COUNTY,504,504,504,4838,4838,4838,1395,1395,1395,855,855,855,1989,1989,1989,7892,7892,7892,799,799,799,4997,4997,4997,1285,1285,1285,2782,2782,2782,1948,1948,1948,239,239,239,381,381,381,12072,12072,12072,11914,11914,11914,1006,1006,1006,16,7,65,10,4,41,12532,12532,12532,23440,23440,23440,2,1,8,11754,11754,11754
Columbus,Today,COLUMBUS COUNTY,1146,1146,1146,11495,11495,11495,3381,3381,3381,2144,2144,2144,4617,4617,4617,16793,16793,16793,1759,1759,1759,11184,11184,11184,3065,3065,3065,6607,6607,6607,4812,4812,4812,2248,2248,2248,384,384,384,17380,17380,17380,27960,27960,27960,3094,3094,3094,36,6,65,26,5,47,27548,27548,27548,52414,52414,52414,3,1,5,35496,35496,35496
Haywood,Today,HAYWOOD COUNTY,1192,1192,1192,11349,11349,11349,3189,3189,3189,2033,2033,2033,3892,3892,3892,17840,17840,17840,1859,1859,1859,13664,13664,13664,3076,3076,3076,8909,8909,8909,6663,6663,6663,481,481,481,437,437,437,1035,1035,1035,32216,32216,32216,2672,2672,2672,9,1,14,3,0,5,30101,30101,30101,59645,59645,59645,0,0,0,60364,60364,60364
Orange,Today,ORANGE COUNTY,2425,2425,2425,28551,28551,28551,8801,8801,8801,5436,5436,5436,27371,27371,27371,44131,44131,44131,4041,4041,4041,26769,26769,26769,7848,7848,7848,13751,13751,13751,7903,7903,7903,992,992,992,12639,12639,12639,18434,18434,18434,77617,77617,77617,12816,12816,12816,10,1,7,6,0,4,70859,70859,70859,135660,135660,135660,2,0,1,116411,116411,116411
Cabarrus,Today,CABARRUS COUNTY,5259,5259,5259,54991,54991,54991,16286,16286,16286,9793,9793,9793,17428,17428,17428,74555,74555,74555,8587,8587,8587,40415,40415,40415,15066,15066,15066,17390,17390,17390,11674,11674,11674,1748,1748,1748,10978,10978,10978,44033,44033,44033,110872,110872,110872,24034,24034,24034,93,4,43,64,3,30,105581,105581,105581,192419,192419,192419,6,0,3,159694,159694,159694
Richmond,Today,RICHMOND COUNTY,1111,1111,1111,10313,10313,10313,2956,2956,2956,1753,1753,1753,3899,3899,3899,13599,13599,13599,1643,1643,1643,8835,8835,8835,2850,2850,2850,4875,4875,4875,3308,3308,3308,1584,1584,1584,561,561,561,14697,14697,14697,22859,22859,22859,3052,3052,3052,28,6,62,10,2,22,21970,21970,21970,41777,41777,41777,1,0,2,27987,27987,27987
Moore,Today,MOORE COUNTY,2309,2309,2309,21552,21552,21552,6090,6090,6090,3511,3511,3511,6252,6252,6252,29581,29581,29581,3634,3634,3634,19303,19303,19303,6008,6008,6008,12793,12793,12793,11399,11399,11399,1155,1155,1155,1897,1897,1897,12812,12812,12812,52115,52115,52115,7156,7156,7156,41,4,41,13,1,13,48765,48765,48765,93724,93724,93724,0,0,0,85016,85016,85016
Harnett,Today,HARNETT COUNTY,3747,3747,3747,34986,34986,34986,9857,9857,9857,5218,5218,5218,11896,11896,11896,48422,48422,48422,6143,6143,6143,23214,23214,23214,10021,10021,10021,10693,10693,10693,6765,6765,6765,2692,2692,2692,2400,2400,2400,31681,31681,31681,68717,68717,68717,18178,18178,18178,72,5,53,32,2,24,67259,67259,67259,117798,117798,117798,5,0,4,99203,99203,99203
Jackson,Today,JACKSON COUNTY,712,712,712,7217,7217,7217,2010,2010,2010,1217,1217,1217,8157,8157,8157,11852,11852,11852,1225,1225,1225,7953,7953,7953,2053,2053,2053,5301,5301,5301,3458,3458,3458,4240,4240,4240,530,530,530,1225,1225,1225,22321,22321,22321,2746,2746,2746,14,3,32,5,1,11,21617,21617,21617,41192,41192,41192,1,0,2,37943,37943,37943
Guilford,Today,GUILFORD COUNTY,12225,12225,12225,118934,118934,118934,34494,34494,34494,20601,20601,20601,58700,58700,58700,174473,174473,174473,19053,19053,19053,101625,101625,101625,32561,32561,32561,49068,49068,49068,34374,34374,34374,4610,4610,4610,29971,29971,29971,196492,196492,196492,282962,282962,282962,45191,45191,45191,193,4,36,144,3,27,254212,254212,254212,491983,491983,491983,26,0,5,306101,306101,306101
Iredell,Today,IREDELL COUNTY,3766,3766,3766,41183,41183,41183,12547,12547,12547,7683,7683,7683,14465,14465,14465,58064,58064,58064,6156,6156,6156,38581,38581,38581,11031,11031,11031,17892,17892,17892,11621,11621,11621,1137,1137,1137,5336,5336,5336,23717,23717,23717,92318,92318,92318,14603,14603,14603,82,5,45,37,2,20,89488,89488,89488,167203,167203,167203,1,0,1,151616,151616,151616
Forsyth,Today,FORSYTH COUNTY,8711,8711,8711,86894,86894,86894,25362,25362,25362,15076,15076,15076,37038,37038,37038,120732,120732,120732,13650,13650,13650,74911,74911,74911,24095,24095,24095,36873,36873,36873,25847,25847,25847,3706,3706,3706,10941,10941,10941,108779,108779,108779,201462,201462,201462,50828,50828,50828,202,5,53,137,4,36,180833,180833,180833,331467,331467,331467,54,1,14,258869,258869,258869
Currituck,Today,CURRITUCK COUNTY,532,532,532,6088,6088,6088,1729,1729,1729,1040,1040,1040,1878,1878,1878,8648,8648,8648,1015,1015,1015,6598,6598,6598,1772,1772,1772,2946,2946,2946,1605,1605,1605,207,207,207,331,331,331,1719,1719,1719,13926,13926,13926,1212,1212,1212,4,1,14,2,1,7,13837,13837,13837,26551,26551,26551,0,0,0,25506,25506,25506
Rutherford,Today,RUTHERFORD COUNTY,1345,1345,1345,13607,13607,13607,4020,4020,4020,2522,2522,2522,4996,4996,4996,18822,18822,18822,2079,2079,2079,14749,14749,14749,3641,3641,3641,8740,8740,8740,6115,6115,6115,281,281,281,520,520,520,7153,7153,7153,34676,34676,34676,3225,3225,3225,19,3,28,12,2,18,32353,32353,32353,63804,63804,63804,13,2,19,59075,59075,59075
Warren,Today,WARREN COUNTY,340,340,340,3531,3531,3531,1074,1074,1074,631,631,631,1346,1346,1346,5224,5224,5224,548,548,548,4457,4457,4457,938,938,938,3023,3023,3023,2150,2150,2150,1185,1185,1185,98,98,98,10341,10341,10341,9968,9968,9968,773,773,773,6,3,30,3,2,15,9763,9763,9763,18958,18958,18958,0,0,0,8107,8107,8107
Bertie,Today,BERTIE COUNTY,352,352,352,3300,3300,3300,996,996,996,603,603,603,1458,1458,1458,5533,5533,5533,469,469,469,4177,4177,4177,880,880,880,2536,2536,2536,1943,1943,1943,143,143,143,168,168,168,11721,11721,11721,9333,9333,9333,446,446,446,2,1,11,2,1,11,9614,9614,9614,18501,18501,18501,0,0,0,6915,6915,6915
Pitt,Today,PITT COUNTY,4084,4084,4084,38276,38276,38276,11109,11109,11109,6423,6423,6423,31046,31046,31046,56429,56429,56429,6214,6214,6214,29946,29946,29946,10446,10446,10446,15246,15246,15246,9799,9799,9799,1041,1041,1041,4496,4496,4496,66742,66742,66742,95962,95962,95962,11730,11730,11730,99,5,55,39,2,22,84780,84780,84780,169012,169012,169012,3,0,2,108463,108463,108463
Randolph,Today,RANDOLPH COUNTY,3098,3098,3098,31965,31965,31965,9308,9308,9308,5935,5935,5935,11487,11487,11487,43390,43390,43390,5013,5013,5013,30765,30765,30765,8611,8611,8611,15397,15397,15397,10663,10663,10663,1787,1787,1787,2483,2483,2483,10218,10218,10218,72812,72812,72812,17224,17224,17224,73,5,51,32,2,22,70855,70855,70855,126443,126443,126443,1,0,1,129179,129179,129179
Stokes,Today,STOKES COUNTY,806,806,806,8446,8446,8446,2516,2516,2516,1632,1632,1632,3251,3251,3251,13043,13043,13043,1249,1249,1249,10934,10934,10934,2243,2243,2243,5617,5617,5617,4300,4300,4300,216,216,216,217,217,217,2039,2039,2039,23270,23270,23270,1507,1507,1507,28,6,61,12,3,26,22321,22321,22321,44084,44084,44084,1,0,2,43119,43119,43119
Henderson,Today,HENDERSON COUNTY,2153,2153,2153,21966,21966,21966,6500,6500,6500,3883,3883,3883,7446,7446,7446,32347,32347,32347,3500,3500,3500,24697,24697,24697,5930,5930,5930,17336,17336,17336,13625,13625,13625,915,915,915,1881,1881,1881,4606,4606,4606,61018,61018,61018,12137,12137,12137,28,2,24,1,0,1,56399,56399,56399,105280,105280,105280,2,0,2,110015,110015,110015
Gaston,Today,GASTON COUNTY,5146,5146,5146,50253,50253,50253,14460,14460,14460,8670,8670,8670,17948,17948,17948,74157,74157,74157,8212,8212,8212,45520,45520,45520,13765,13765,13765,21931,21931,21931,14720,14720,14720,1488,1488,1488,4229,4229,4229,41625,41625,41625,116157,116157,116157,17014,17014,17014,94,4,42,34,2,15,108372,108372,108372,207515,207515,207515,2,0,1,177187,177187,177187
Pasquotank,Today,PASQUOTANK COUNTY,931,931,931,8756,8756,8756,2501,2501,2501,1479,1479,1479,3855,3855,3855,12534,12534,12534,1500,1500,1500,7838,7838,7838,2345,2345,2345,4092,4092,4092,2749,2749,2749,304,304,304,727,727,727,15093,15093,15093,20337,20337,20337,2300,2300,2300,6,2,15,5,1,13,19487,19487,19487,37524,37524,37524,4,1,10,23700,23700,23700
Cherokee,Today,CHEROKEE COUNTY,500,500,500,4735,4735,4735,1414,1414,1414,898,898,898,1684,1684,1684,6942,6942,6942,692,692,692,6528,6528,6528,1231,1231,1231,5115,5115,5115,3608,3608,3608,542,542,542,239,239,239,577,577,577,14668,14668,14668,937,937,937,11,4,38,3,1,10,13944,13944,13944,27675,27675,27675,0,0,0,27254,27254,27254
Macon,Today,MACON COUNTY,683,683,683,6598,6598,6598,1915,1915,1915,1171,1171,1171,2316,2316,2316,8914,8914,8914,1054,1054,1054,7680,7680,7680,1775,1775,1775,5819,5819,5819,4531,4531,4531,314,314,314,412,412,412,743,743,743,18460,18460,18460,2641,2641,2641,2,1,6,2,1,6,17398,17398,17398,33217,33217,33217,2,1,6,34389,34389,34389
Perquimans,Today,PERQUIMANS COUNTY,237,237,237,2506,2506,2506,807,807,807,420,420,420,805,805,805,3433,3433,3433,365,365,365,3048,3048,3048,677,677,677,2065,2065,2065,1606,1606,1606,69,69,69,76,76,76,3161,3161,3161,7018,7018,7018,370,370,370,7,5,52,6,4,45,6445,6445,6445,13093,13093,13093,0,0,0,10157,10157,10157
Rockingham,Today,ROCKINGHAM COUNTY,1733,1733,1733,18315,18315,18315,5348,5348,5348,3335,3335,3335,6700,6700,6700,26204,26204,26204,2871,2871,2871,20795,20795,20795,5028,5028,5028,11080,11080,11080,7916,7916,7916,599,599,599,796,796,796,18060,18060,18060,47085,47085,47085,5760,5760,5760,152,17,167,6,1,7,43925,43925,43925,85250,85250,85250,5,1,5,71555,71555,71555
Wayne,Today,WAYNE COUNTY,3194,3194,3194,29100,29100,29100,8140,8140,8140,4745,4745,4745,11769,11769,11769,37775,37775,37775,4891,4891,4891,23685,23685,23685,8130,8130,8130,12211,12211,12211,8591,8591,8591,1115,1115,1115,2170,2170,2170,41133,41133,41133,63159,63159,63159,15327,15327,15327,66,5,54,33,3,27,59972,59972,59972,107804,107804,107804,6,0,5,78713,78713,78713
Missing,Today,,,,,,,,,,,,,,,,,,,,,,,,,,,,,,,,,,,,,,,,,,,,,,,,,,0,,,0,,,,,,,,,0,,,,,
Scotland,Today,SCOTLAND COUNTY,863,863,863,8030,8030,8030,2295,2295,2295,1237,1237,1237,3229,3229,3229,10524,10524,10524,1430,1430,1430,6509,6509,6509,2205,2205,2205,3894,3894,3894,2637,2637,2637,4696,4696,4696,368,368,368,13867,13867,13867,17562,17562,17562,1150,1150,1150,22,6,63,11,3,32,17261,17261,17261,33673,33673,33673,3,1,9,15892,15892,15892
Franklin,Today,FRANKLIN COUNTY,1468,1468,1468,15161,15161,15161,4533,4533,4533,2711,2711,2711,5779,5779,5779,21587,21587,21587,2418,2418,2418,15223,15223,15223,4031,4031,4031,7308,7308,7308,4627,4627,4627,693,693,693,674,674,674,18732,18732,18732,35169,35169,35169,6253,6253,6253,1,0,1,4,1,6,34516,34516,34516,63432,63432,63432,0,0,0,49586,49586,49586
Hoke,Today,HOKE COUNTY,1682,1682,1682,14952,14952,14952,3944,3944,3944,2055,2055,2055,4355,4355,4355,20861,20861,20861,2888,2888,2888,9212,9212,9212,4383,4383,4383,3868,3868,3868,1986,1986,1986,5549,5549,5549,1200,1200,1200,20581,20581,20581,27994,27994,27994,7695,7695,7695,35,6,63,10,2,18,27240,27240,27240,47539,47539,47539,4,1,7,27904,27904,27904
Hertford,Today,HERTFORD COUNTY,436,436,436,4378,4378,4378,1322,1322,1322,804,804,804,2566,2566,2566,6853,6853,6853,631,631,631,5044,5044,5044,1185,1185,1185,2773,2773,2773,2063,2063,2063,334,334,334,206,206,206,14589,14589,14589,11896,11896,11896,982,982,982,0,0,0,0,0,0,11781,11781,11781,22695,22695,22695,0,0,0,8548,8548,8548
Alexander,Today,ALEXANDER COUNTY,734,734,734,7457,7457,7457,2276,2276,2276,1340,1340,1340,2719,2719,2719,11564,11564,11564,1143,1143,1143,8090,8090,8090,1964,1964,1964,4436,4436,4436,3231,3231,3231,199,199,199,425,425,425,2437,2437,2437,18388,18388,18388,1788,1788,1788,12,3,32,5,1,13,19109,19109,19109,35709,35709,35709,2,1,5,34436,34436,34436
Edgecombe,Today,EDGECOMBE COUNTY,1186,1186,1186,11568,11568,11568,3404,3404,3404,2069,2069,2069,4052,4052,4052,14633,14633,14633,1754,1754,1754,10710,10710,10710,3155,3155,3155,6313,6313,6313,4196,4196,4196,404,404,404,255,255,255,30147,30147,30147,27715,27715,27715,2553,2553,2553,19,4,37,5,1,10,23757,23757,23757,48919,48919,48919,1,0,2,20666,20666,20666
Durham,Today,DURHAM COUNTY,8278,8278,8278,65659,65659,65659,17418,17418,17418,9870,9870,9870,32135,32135,32135,124352,124352,124352,11903,11903,11903,55578,55578,55578,18190,18190,18190,27190,27190,27190,16574,16574,16574,3236,3236,3236,18818,18818,18818,122512,122512,122512,168064,168064,168064,43928,43928,43928,75,2,23,28,1,9,153424,153424,153424,277560,277560,277560,2,0,1,176922,176922,176922
Craven,Today,CRAVEN COUNTY,2620,2620,2620,21752,21752,21752,6023,6023,6023,3386,3386,3386,11987,11987,11987,30014,30014,30014,3741,3741,3741,18283,18283,18283,5982,5982,5982,11632,11632,11632,8471,8471,8471,811,811,811,3476,3476,3476,23004,23004,23004,50570,50570,50570,7770,7770,7770,19,2,19,6,1,6,51569,51569,51569,94369,94369,94369,0,0,0,74848,74848,74848
Granville,Today,GRANVILLE COUNTY,1212,1212,1212,12385,12385,12385,3664,3664,3664,2345,2345,2345,4943,4943,4943,18882,18882,18882,1895,1895,1895,13559,13559,13559,3269,3269,3269,6432,6432,6432,4242,4242,4242,593,593,593,541,541,541,19822,19822,19822,29751,29751,29751,5147,5147,5147,0,0,0,0,0,0,30692,30692,30692,55296,55296,55296,0,0,0,39487,39487,39487
Alleghany,Today,ALLEGHANY COUNTY,205,205,205,1888,1888,1888,556,556,556,321,321,321,689,689,689,2856,2856,2856,306,306,306,2588,2588,2588,500,500,500,1796,1796,1796,1320,1320,1320,59,59,59,99,99,99,249,249,249,5618,5618,5618,1097,1097,1097,10,9,90,6,5,54,5519,5519,5519,10040,10040,10040,1,1,9,10730,10730,10730
Rowan,Today,ROWAN COUNTY,3225,3225,3225,31359,31359,31359,9267,9267,9267,5720,5720,5720,12250,12250,12250,43580,43580,43580,5033,5033,5033,29528,29528,29528,8114,8114,8114,14816,14816,14816,10555,10555,10555,1009,1009,1009,2101,2101,2101,24715,24715,24715,71925,71925,71925,13400,13400,13400,75,5,53,28,2,20,70163,70163,70163,128688,128688,128688,2,0,1,114263,114263,114263
Swain,Today,SWAIN COUNTY,287,287,287,3134,3134,3134,846,846,846,487,487,487,1182,1182,1182,4321,4321,4321,581,581,581,2831,2831,2831,933,933,933,1628,1628,1628,1175,1175,1175,4593,4593,4593,122,122,122,258,258,258,7430,7430,7430,822,822,822,0,0,0,0,0,0,6841,6841,6841,13449,13449,13449,0,0,0,9298,9298,9298
Yadkin,Today,YADKIN COUNTY,790,790,790,7816,7816,7816,2305,2305,2305,1401,1401,1401,2827,2827,2827,10826,10826,10826,1177,1177,1177,8487,8487,8487,2143,2143,2143,4347,4347,4347,3364,3364,3364,277,277,277,233,233,233,1442,1442,1442,19013,19013,19013,4338,4338,4338,11,3,29,5,1,13,18654,18654,18654,33329,33329,33329,1,0,3,35715,35715,35715
Halifax,Today,HALIFAX COUNTY,1103,1103,1103,10619,10619,10619,3162,3162,3162,1893,1893,1893,3679,3679,3679,14122,14122,14122,1662,1662,1662,10900,10900,10900,2799,2799,2799,6224,6224,6224,4466,4466,4466,2119,2119,2119,488,488,488,27254,27254,27254,25911,25911,25911,1558,1558,1558,11,2,22,3,1,6,24099,24099,24099,48452,48452,48452,1,0,2,20149,20149,20149
Madison,Today,MADISON COUNTY,372,372,372,3816,3816,3816,1038,1038,1038,748,748,748,2100,2100,2100,6304,6304,6304,642,642,642,4501,4501,4501,1016,1016,1016,3037,3037,3037,1997,1997,1997,112,112,112,134,134,134,400,400,400,11033,11033,11033,532,532,532,0,0,0,1,0,5,10722,10722,10722,21223,21223,21223,0,0,0,21109,21109,21109
Burke,Today,BURKE COUNTY,1712,1712,1712,16625,16625,16625,4862,4862,4862,3147,3147,3147,7631,7631,7631,27025,27025,27025,2597,2597,2597,20484,20484,20484,4307,4307,4307,10605,10605,10605,8115,8115,8115,851,851,851,4016,4016,4016,6712,6712,6712,45208,45208,45208,5855,5855,5855,59,7,65,39,4,43,45277,45277,45277,84630,84630,84630,10,1,11,78906,78906,78906
Yancey,Today,YANCEY COUNTY,352,352,352,3287,3287,3287,958,958,958,611,611,611,1210,1210,1210,4964,4964,4964,505,505,505,3864,3864,3864,861,861,861,2715,2715,2715,2029,2029,2029,137,137,137,113,113,113,267,267,267,9179,9179,9179,998,998,998,3,2,17,2,1,11,8890,8890,8890,17071,17071,17071,0,0,0,17552,17552,17552
Onslow,Today,ONSLOW COUNTY,7486,7486,7486,48595,48595,48595,11698,11698,11698,5976,5976,5976,40969,40969,40969,65520,65520,65520,9665,9665,9665,23828,23828,23828,13770,13770,13770,11312,11312,11312,7714,7714,7714,2127,2127,2127,6224,6224,6224,34503,34503,34503,89206,89206,89206,25521,25521,25521,174,9,88,67,3,34,108732,108732,108732,172417,172417,172417,21,1,11,155084,155084,155084
Wilkes,Today,WILKES COUNTY,1365,1365,1365,13784,13784,13784,4182,4182,4182,2628,2628,2628,5174,5174,5174,19478,19478,19478,2101,2101,2101,14814,14814,14814,3508,3508,3508,8676,8676,8676,6486,6486,6486,295,295,295,508,508,508,3563,3563,3563,34800,34800,34800,4728,4728,4728,47,7,69,19,3,28,33612,33612,33612,63684,63684,63684,2,0,3,64046,64046,64046
Dare,Today,DARE COUNTY,656,656,656,6921,6921,6921,2139,2139,2139,1302,1302,1302,2279,2279,2279,10462,10462,10462,986,986,986,9146,9146,9146,1838,1838,1838,5365,5365,5365,2836,2836,2836,216,216,216,382,382,382,1240,1240,1240,18856,18856,18856,2861,2861,2861,24,6,65,7,2,19,18153,18153,18153,34148,34148,34148,1,0,3,35171,35171,35171
Nash,Today,NASH COUNTY,2126,2126,2126,20533,20533,20533,5972,5972,5972,3698,3698,3698,8304,8304,8304,27878,27878,27878,3149,3149,3149,19627,19627,19627,5588,5588,5588,10889,10889,10889,7067,7067,7067,1028,1028,1028,1111,1111,1111,39834,39834,39834,49155,49155,49155,6940,6940,6940,39,4,41,30,3,32,45143,45143,45143,87358,87358,87358,6,1,6,52325,52325,52325
Carteret,Today,CARTERET COUNTY,1062,1062,1062,11936,11936,11936,3659,3659,3659,2214,2214,2214,4362,4362,4362,18705,18705,18705,1739,1739,1739,16603,16603,16603,3262,3262,3262,10840,10840,10840,7027,7027,7027,486,486,486,1106,1106,1106,4346,4346,4346,35449,35449,35449,3067,3067,3067,26,4,37,19,3,27,34024,34024,34024,66406,66406,66406,3,0,4,63535,63535,63535
Bladen,Today,BLADEN COUNTY,645,645,645,6645,6645,6645,1993,1993,1993,1233,1233,1233,2429,2429,2429,9170,9170,9170,946,946,946,7019,7019,7019,1828,1828,1828,4515,4515,4515,2944,2944,2944,1085,1085,1085,137,137,137,11377,11377,11377,17189,17189,17189,2538,2538,2538,93,28,284,57,17,174,15533,15533,15533,30184,30184,30184,7,2,21,20123,20123,20123
